,Comments_youtube
0,"semua tergantung dari ortu yang bolehkan anak ke sekolah atau tidak, walaupun sekolah tatap muka sudah bisa"
1,"Kalau kita mau kompak, pasti sekolah tetep daring, tp kalau sudah masuk biasa lagi jgn sekali2  berharap bisa seperti saat ini lg, mungkin ini hanya sekali dlm sejarah peradaban manusia..."
2,"Semoga aja gajadi sekolah awal tahun, karna waktu kemarin ada simulasi belajar siswa di sekolah, pas di test ada yang positif ğŸ¤¦â€â™‚ï¸ ... Kayaknya si belom boleh masuk sekolah awal tahun, karna blom tentu Corona nya ilang ğŸ˜"
3,"Pak kalau sekolah libur terus, bagaimana saya cari uangnya? Sedangkan saya seorang pedagang dikantin sekolahan. Dari maret sampai saat ini masih libur, mana saya ngontrak"
4,"Sklh saya 2 bulan lalu menjalan tatap muka karna SMK butuh praktek dan ujian praktek, selang beberapa minggu ada info dari sklhan kepsek nya positiv dan 15 orang suspek, jadi gak ada lagi sklh tatap muka atau praktekÂ² sampai skrng tidak ada pembelajaran tatap muka. Saya sbagai anak SMK merasa rugi bljr online ada si yang masuk ilmunya tapi tidak terlalu efektif kalau ga dilapangan langsung. Mana katanya ada ujian praktek lagi, auto plangaplongo dah ğŸ˜¥"
5,"dipikir fasilitas protokol dari mnaaa?? dari uang wali murid lahh wkwkk bayar lagi hadeuhh, kalo tiap bulan bgni, sekolah negri jdi sekolah swasta ğŸ¤£ğŸ˜­ğŸ˜­"
6,"Ga ada pandemi aja , anak kenapa2 di sekola yg salah guru2nya, ğŸ¤£"
7,"Kemarin pas sekolah ditutup dan pusat perbelanjaan dibuka pada protes, yg inilah yg itulah yg katanya ga mentingin pendidikanlah, nah ini udah ada aturan baru sekolah bakal dibuka eh masih juga protes, mau apa sih heran gue"
8,"Tatap muka moga2 tdk terlalu ribet dgn terlalu bnyk aturan..

Online bikin anak time management ga karuan.. jam tidur, jam mandi, jam makan terbalik2..  Ditambah tugas banyak.."
9,Gw jadi nolep dirumah trusğŸ˜­
10,Sistem buka tutup sekolah akan tiba... Covid naik sekolah tutup... Covid turun sekolah buka... Gk kelar2 ğŸ˜”
11,"Padahal Indonesia tembus 500.000 Covid
Astagfirullah"
12,"untuk menjadi bahan pertimbangan pemerintah, paket A paket B dan paket C di promosikan dan bisa di jadikan salah satu alternatif sekolah. karena sebenarnya mau itu tatap muka atau tidak yang terpenting kualitas pendidikan kita, saya tidak menyalahkan siapa2 mari kita bersama sama membuat pendidikan indonesia lebih baik. dan jangan lupa manusia itu punya skill yang berbeda beda ada yg suka matematika ada hebat di sepak bola dll. jangan lupakan pembulian di sekolah. kita sebagai orang tua sering tidak tau kelakuan anak kita di sekolah seperti apa, apakah anak kita pembuli atau di bulli di sekolah. "
13,saling share corona ok!
14,Semuanya tergantung orang tua saya kalau misalnya saya terkena covid siapa yang harus tanggal jawab sampai saya mati dan adek saya masih kecil
15,Intinya itu kita kembalikan ke sikap orang tua masing2ğŸ™ğŸ™ğŸ™
16,"Saran saya, berkaca lah pada Korea Selatan. Mereka terburu"" agar setiap anak kembali bersekolah secara tatap muka, tetapi mereka justru mengalami gelombang 2 Covid 19. Sedangkan angka Covid dari hari semakin naik. Mohon di pertimbangkan lagi"
17,"Kayaknya orang2 yg berada di atas/pejabat/atau orang2 yg protes sekolah tatap muka di buka, engga mau corona hilang. Soalnya mereka cari ceperan dari situ buat ngenyengin perutnya pribadi."
18,Protokol kesehatan ketat? Di sklh gue skrng udah tatap muka tapi cuman bebrapa orang yg pakai masker trus ga Ada yg jaga jarak trus ga di tegur guru
19,Mau sekolah Online atau Offline Gw tetap bodoh su
20,"Tetap belajar dari rumah, 
Menyelamatkan jutaan anak Indonesia, tetap protokol kesehatan ekonomi bangkit, keseharian pulih, rezeki lancar"
21,1 org kena corona di sklh aja udah libur dulu sklhnya :v
22,"Sekolah tatap muka perlu di pertimbangkan kembali. Krn pademi covid 19 makin memuncak. yg terpenting keselamatan dan kesehatan seluruh bangsa dan negara kita , amin. Thanks ğŸ˜Š"
23,Mantap 2021 katanya nongol virus baru yg lebih parah dan kita akan tatap muka kwkwkw mantap gw sih lebih milih hibernasi ğŸ˜‚ğŸ˜‚ gk tau aja kalo di rumah gw lebih leluasa belajarnya daripada di sekolah kalo di sekolah mumet pala kalo di rumah kita ngatur jam istirahatnya sendiri wkwkwk
24,Usut tuntas dan apa bila perlu tolong dong uang orang tua siswa di kembalikan kalau tidak bisa di kembalikan ea yg terkait Dirumahkan aja!!!
25,Apa kabar konser tadi malam
26,"Akhirnya,"
27,Atas dasar apa bos tatap muka? Udah ada jaminan gak? Apa udah bosen ngeprank soal Corona ğŸ˜‚ğŸ˜‚
28,"Ortu ku gwe paksa ""MAH JANGAN BOLEHKAN NANTI KUMPUL"" DI SEKOLAH"""
29,AkhirnyağŸ¥º
30,"orang tanpa gejala pas masuk skolah be like: 
""Allow us to introduce ourself"""
31,"Semoga Vaksin Virus Jahat ini segera di dapatkan. Agar bisa beraktifitas seperti semula. Amin.. 

Virus ini biaya pengobatannya mahal banget sampe hampir 200 juta rupiah.. ğŸ¤¦"
32,"mending sekolah tapi jangan sampe sore lah jam 1 pulang:v

ga enak sampe sore istirahat ga cukup sampe dirumahpun tidur ga belajar"
33,"Tolong pemerintah perhatikan rakyat terutama anak sekolah,,"
34,"Pak nadiem makarim=sekolah akan di buka pada tahun 2021
Sebagian murid atau banyak be like=ayo sekolah atau di rumah aja enakğŸ˜…"
35,Siapa yg dh masuk sekolah?
36,ruwettt ...ruwetttt...ruwetttt
37,Akhirnya yang di tunggu tunggu.....
38,"Baru banget kerja,Belom ada Sebulan Nih masa Udah masuk kola,Mikir nya daripada Bengong di rumah mending nyari sampingan,Otak nambah kaga Bayaran kudu lancar hadeh"
39,"Pasar . Mol . Dibuka
Ya sekolah jg buka atuh !!
 pke masker sj.
Jstru itu harafan orang tua"
40,"Sebenernya pengen banget masuk sekolah, ketemu temen2 baru. Tapi masalahnya itu bbrapa pelajaran ada yg kurang paham, tkut nya pas masuk blank. Apalagi ips ama pkn :')"
41,Mtk ketawa melihat ini
42,"Mantap Pak, sekolah gak dibuka pun remaja yang masih di bangku sekolah juga berkeliaran di tongkrongan, sekolah harus jadi sebaikÂ² pemberi pendidikan protokol kesehatan ke depannya. Dan bagi orang tua yang tidak memberi izin ke anaknya, itu kan memang diperbolehkan."
43,Manteppp slurr
44,"Covid terus meningkat, bagaimana kalo sekolah di buka, terus pelajarnya positif semua wkwk"
45,Siapa yg buku nya jadi satu terus bingung pas mau dikumpulin kertas tugas apa ilang itu yg membuat pusing
46,KAMPUS JUGA DONG DI BUKA PAK  ... SEBEL KALAU PRAKTIKUMNYA JUGA ONLINE.. TAMBAH MENAMBAH SAKIT :'(
47,"Ok sekolah januari masuk.
Tpi pas ada kabar satu sekolah positif corona, lgsung tutup lagiğŸ˜‚. Tunggu sampe bener2 aman dlu aja napa sih, korea yg tadinya udh buka sekolah malah kena gelombang covid ke 2, alhasil sekolah ditutup lagi. Jgn gegabah klo lagi kyk gini, karna menurut gw kesehatan nomor 1, pendidikan nomor 2"
48,Setuju borrr
49,Pakem
50,Se7
51,Tapi pilkada jalan oke yah
52,Hidup tatap muka
53,Up
54,Up
55,Setuju mantap
56,Mana ada coronanya........??????
57,Belom dapet subsidi kuota ehh udah mulai offline aja wkwk
58,Anak TK yang lagi laginya berkembang harus ada bimbingan guru yang sudah terlatih. Kalau belajar dirumah saya yakin bukannya belajar malah main. Karena kebanyakan oranh tua lebih mementingkan mencari nafkah untuk bertahan hidup.
59,"Akibat pembelajaran Daring, banyak murid kls 1 dan kls 2 SD tdk bisa membaca dan menulis ( Buta huruf  ). Sebab   kls 1 dan kls 2 SD itu agar bisa membaca dan menulis harus di ajar secara tatap muka ( PTM)."
60,Cie cie...
61,"Kalo ada kata ""ASAL"" pasti bakal labil ajg coba aja dah"
62,"Berkaca aja ama yg kmrn"" gan ,pasti diundur"" lagi kmrn kan rencananya april eh gajadi juni eh gajadi ampe januari 2021,liat aja kalo makin parah pasti gajadi"
63, @Stincc  yaahh begitulah
64, @Stincc  bnr bgt anjir
65,Udah stay home guru spam pelajaran dapet gajiğŸ˜‚ sama2 enakğŸ˜‚ğŸ˜‚
66," @Abie Daily 
Y terus gmn donk
Org mah kritik tu + saran"
67," @Stincc 
Klo rakyat Indonesia begini y gk maju2"
68," @Novi Nurcipto 
Introspeksi dlu ngab, patuhi protokol g?"
69, @rama pangestu  lah emang kalp masuk bakal maju?
70,Yeay makasih pak nadiem
71,Alhamdulillah ya  alhmdulilah
72,"Kebijakan itu termasuk perkuliahan(Kampus/universitas)juga atau cuma Sma,smp,Sd"
73,Alhamdulilah semoga anak2 bisa bersekolah seperti biass
74,gt doong biar grab jadi gacor lg
75,"Sekolah madrasah buka, dan tak pernah libur panjang siswanya juga sehat sehat aja"
76,"sudah ada informasi mengenai mutasi dri covid, apakah izin tatap muka akan di tarik?"
77,Pak kalau positif masih boleh ikut tatap muka pak? Saya takut nnti absennya kacau.
78,"Akhirnya bisa nabung lagi,tapi
WHYYYYYYYYYYYY"
79,Pelit banget  orangtua kalo dirumah
80,"Klu blm bisa tatap muka ya jgn buka sklhnya , belajar lewat online tuh g efektif buang buang uang hanya untuk bayar spp ."
81,Ini berlaku untuk perguruan tinggi juga kah?atau hanya sekolah saja?
82,pak nadiem saya mau kuliah offline
83,"sumpah Demi apapun, enggak siap banget buat masuk sekolah, faktor utama karna udah kelas tiga, gimana ya karena setengah semester udah secara online, kalo masuk nanti jadi setengah"" bakalan pusing banget. buat anak yang lagi kelas 3 masuk masuk itu bakalan praktek dan pengulangan pembelajaran dari semester satu. sedangkan semester 1 itu secara online saya ga paham banget, aduh susah di jelasinnya, yang jelas mending sampe lulus offline karena biar seimbang, huwa ga kuat banget kalo setengah. mending karna udah setengah online, sampe lulus online biar ga pusing"
84,Di daerah saya masih terus meningkat tentang pandemi ini
85,Semoga sekolah itu di buka kembali
86,Tergantung dr pemerintah..kalo dibuka ijin sekolah tatap muka dan dibuat SOP nya. Ya semua sekolah.
87,"Nur Fadlilah,guru Bahasa Indonesia SMPN 1 Reban ,Batang,menyimak."
88,Termasuk perguruan tinggi nggak ini?
89,Dari pada kena sanksi lebih baik skolah di cafe wifi pak.
90,"hmm.
sekolah saya boarding, 
dan setiap kamar ada 8-12 orang.
bagaimana menurut kalian apakah  sekolah saya akan diperbolehkan untuk tatap muka?"
91,"ak jga boarding. tpi kan balik lgi seperti yg pak Nadiem sampaikan, semua ditentukan kembali kepada Pemda, kepsek dan orgtua"
92," @kitara trengginas  ga nonton sampe abis ya om? kan udh diblg semua sekolah resmi dibuka, tpi balik lgi ke pihak orgtua, kepsek dan Pemda sdh menyetujui atau blm. Sklhku ad yg fullday and boarding, dan sudah dibuka kok. Tinggal nunggu izin aj."
93," @Vira Alifya  saya sudah nonton sampai akhir dek yg saya maksud sudah ada sekolah boarding yang masuk belum? gt aja.
Mksh udh jawab pertanyaan saya"
94, @kitara trengginas  kan blm Januari om
95, @kitara trengginas  udah banyak yg masuk tapi ada juga yg belum masuk contohnya sekolah saya masuknya masih januari 2021
96,Januari/februari harus kuliah offline
97,"boleh gak pake kombinasi daring dan tatap muka ?, berhubung tenaga pendidik terbatas"
98,"Asalamua'alaikum 
Terima kasih untuk informasinya"
99,"Corona makin banyak di DKI Jakarta jadi mendingan tunda saja karna bahaya terhadap anak anak dan lagi pula dekat dengan libur panjang kan bahaya banget, tolong perhatian nya pak Nadiem MakariemğŸ™ğŸ™"
100,di hongkong  sekolah udah dibuka kembali dan sekarang di libur kan lagi yg ke 2 kalinya karna banyak anak2 yg terserang batuk pilik panas..
101,Kalau untuk pesantren gimana??
102,Alhamdulillah
103,"Pak harusnya pas korona masih dikit lockdown ajalah,ini masih ada yang bolak balik liburan keluar negeri"
104,prank apa bukan ini pak?
105,Efekktif ga nihhh
106,Duit jajan gue selama setaun lenyapğŸ˜¶
107,Lbh baik yg di pelosok/kampung2 itu masuk sklh aja..klo di kota2 klo bisa daring(kecuali yg mo ujian) karna jrngn internet bagus..yg penting tugas jgn numpuk...sederhana sja tapi tegas
108,Di jombanh semua masuk
109,"kenapa bisa mikirin hal kaya gini di saat situasi masih stuck disini2 aja, menurut saya nunggu vaksin baru aman"
110,Biaya sekolah normal sedangkan murid ga pake fasilitas gedung dll
111,"Tambah ga karuan situasinya jika opsinya boleh sekolah boleh tidak, cb pikir jk hari ini anak sekolah, besok ortu bilang tidak usah sekolah.. Runyam.."
112,"Pak nadim tolong ya sekolah seperti biasa,  didaerah saya semua sudah berjalan dengan normal"
113,Tolong pemerintah gif hp untuk anak sekolah di Jakarta pusat
114,"kok anak SD ,smp dan sma tatap muka sekolah ,anak kuliah ndak diperintahkan padahal mereka sdh dewasa."
115,Mol buka pbrik buka skolah buka aeeee
116,pak online lagi
117,Anaknya Nadiem suruh sekolah duluan...
118,"vaksin dulu aja sekalian kan katanya bentar lagi udh ada vaksinnya
klo sekolah jg mungkin gabakal serentak semua kls yg masuk"
119,"Mending sekolah masuk tatap muka dah,, biar ekonomi dagang gue normal Amien."
120,Pak menteri gk ada perhatian bapak kepada honor yang mengabdi selama 10 tahun sampe 15thun
121,Enak dirumah daring
122,Kangen gua masuk BK
123,"Jikalau memang tahun depan suda bisa sekolah/kuliah tatap muka maka seharusnya itu harus merata...
Contohnya di salah satu kota yang suda di beri izin oleh walikotanya itu harus merata bukan ada yang bisa tatap muka dan ada yang tidak bisa tatap muka dalam satu kota"
124,Klo zona merah boleh kah?
125,Ada Baik ada buruknya.
126,Allhamdullilah semoga cpt terlaksana
127,Ya udah nyaman daring :)
128,Iya enak daring
129,"Ho tahapan"""
130,Kalau perguruan tinggi giamana?
131,"penyakit di mental jauh lebih bahaya daripada penyakit di fisik. kalo punya penyakit di fisik gampang nangani dan cepat sembuh. tapi kalo penyakit mental dah nangani nya lama banget butuh bertahun2 tuk menyembuhkannya. kalo menurut saya lebih baik sekolah tatap muka harus dibuka tetapi dgn syarat patuh dgn protokol kesehatan. yang boleh masuk kelas hanya 50% dari jumlah murid yg ada di ruang kelas. kalo bisa pakek kelas shift atau kelas bergilir, shift pertama masuk jam 07.00 - 11.00, shift kedua masuk jam 12.00 - 16.00 itu paling se efektif mungkin. yang dulunya jam belajar normalnya 8 jam kini dipangkas jadi 4 jam biar gak terlalu jenuh. biasa nya orang yang jenuh bisa jadi kena rentan penyakit covid. dan terakhir tidak ada kegiatan ekstrakurikuler sehabis sekolah tm/kbm."
132,"Ada kata 'Asal' hmm bikin ragu nih, karena dari dulu jg blg ada kt asal alhasil jd gini"
133,"gimana nih pa,yang kuliah? 2021 masih daring apa tatap muka?"
134,Alhamdulillah
135,"Dimasa pandemi begini!!! Pemerihtah dengan genjarnya memberi bantuan di berbagai sektor,lho kenapa di tapsel direktur atau kepala sekolah tingkat atas sma atau smk genjarbikin uang spp."
136,Bener pak masuk aj soalnya capek main hp melulu anaknya
137,"Alhamdulillah sekolah..
Jngn dibuat sanksi kerumunan ya pak.ğŸ˜‚ğŸ˜‚ğŸ˜‚"
138,Pak di daerahku ada Corona gimana pak
139,Telat 17 Jam.
140,Alhamdulillah
141,Nah gitu dong
142,Kalau memang diperbolehkan LOS . ya bukak saja secara keseluruhan.. sama saja ini MENDIKBUT seolah olah lepas tanggung jawab..
143,Alhamdulillah
144,Mhn untuk gru extra di perbolehkan mengajar...biar ank2 tdk jenuh bljr trsssss
145,Wih ada lambang mli
146,Lulus dulu lah pak nanggung tinggal 1 semester lagi loh kenaikan kelas masalahnya nanti di tagih catatan ama tugas mampus saya ğŸ™‚ğŸ™‚ğŸ™‚
147,SamağŸ˜©
148,Telat boss ... Harusnya sekolah dimulai dari kemarinÂ² gak hrs nunggu tahun depan ... Kasihan yg sekolah di SMK sebagian blm bisa magang ..
149,"pak, menteri.. salam kenal.. disekolah2 masih banyak Pungli. Padahal dana bos besar."
150,"Ya allah di saya zona merah lagi pa lockdown lagi ini, jgn sampe daerah lain yg statusnya udh turun naik lagi gara gara masuk sekolah 
Yang komen, halah bacod bilang aja nolep,gua g percaya lg korona, gua kgn sekolah 
Y terserah kamu, kamu mati jgn bawa bawa sy, kgn sklh? Sama woy tapi sadar nyawa kita lebih penting"
151,Belajar lah dari kota saya ponorogo sekolah masuk terjadi kenaikan angka covid yg dulunya hanya 3-6 orang terinfeksi setelah tatap muka 40-70 orang terinfeksi
152,Kalau mahasiswa gimana ya? Ada yang tau?
153,Pulang nya di cepetkan aja pak soalnya kasian kalau sampai sore
154,"Stress ni otak belajar online,anak Indonesia dibodohi oleh covid19"
155,"Tuk kota banda aceh udh bljar ttap muka dri dlu d warkop&kafe""BANDA ACEH KOTA SERIBU WARUNG KOPI""."
156,Jos pkoke
157,boleh pake masker wajah bkn hanya mulut
158,Ahh malu karna ku sudah tak Glowing lagiğŸ˜­
159,kita sma kak:'(
160,Kebanyakan Conmli yak ?
161,"Aing blomm siap ,Masi enak di rumah"
162,"Gk masalah mau sekolah tatap muka apa nggak, yang penting razia rambut tolong ditiadakan"
163,Yakin nih masuk? Nanti php lagi
164,Tolong pikirkan baik baik perjalanan dari rumah ke sekolah akankah aman  ini yang menjadi penyebaran covid di sekolah
165,Eropa walau lockdown anak anak dari TK sampai universitas nggak ada online pak.masuk terus.mereka nggak mau mengorbankan masa depan anak.
166,"Ya karena sana lengkap mbak,rumah sakitnya pun juga pintar lu coba liburan ke sana,kalau lu sakiy pasti cepet sembuhnya"
167,Analoginya belum peer to peer... Disana kesadaran masyarakatnya jauh lbh tinggi dari kita... Faskes nya jg jauh lebih mumpuni...
168,Kok anak Indonesia banyak yg putus sekolah kenapa tuh pak
169,Amin
170,Alhamdulillah banyak bisa maen
171,"sekolah tatap muka harus segera di mulai, karena kalau murid yg baru masuk SD itu tidak bisa seperti kakak kelasnya karena masih dasar, sekolah drmh sangat sulit buat yg baru masuk Sekolah Dasar / SD, kalau masih begini generasi bisa bodoh"
172,"Mau bodoh apa mati,, kalo bodoh bisa pintar kalo mati y tetap mati g bisa hidup lagi"
173,Sepertinya kita perlu sistem baru buat belajar klau pendemi msh blm pasti kpn akan berakhir. Sepertinya kita perlu sistem VR untuk belajar tatap muka wkwkw
174,kuliah kpn woy
175,"belajat daring bikin anak bodoh dan kecanduan game,belajar hanya 15 menit ,lalu game tak terbatas,ortu 
sibuk sehingga anak kecanduan game,ndak mau belajar lagi.
sebagian besar ortu menghendaki "
176,"Lebih baik Pribadi saja,yang mau Tatap Muka silahkan yang mau Daring silahkan."
177,"Gua belum siap


GraÂ² buku pelajaran ke campur ğŸ˜­ , kurang biaya buat beli buku, ğŸ˜­ğŸ˜­â¤ï¸ ya Allah tolong saya"
178,"Jadi malas, sekolah"
179,"Ayo pak. Saya sudah muak dengan pikiran saya, saya merasa bodoh selama pjj ini"
180,Betul bro
181,Ya elu yang dongo lah orang pjj ini aja lu bisa liat mapel di yutub bisa buka gugel bukan buku doang paling lu kesekolah buat NGUMPUL ya gak
182," @GODZILLA KNOCK,GODZILLLA DROPSHOT GODZILLA CEBOL,  sekarang saya tanya, kira - kira ada gak materi yang masuk ke otak anda selama sekolah atau kuliah online ini?"
183," @Akbar Rama  saya jawab LUMAYAN kenapa? Memang susah untuk materi masuk apalagi kadang saya mengakui terlena dengan kenyamanan rumah namun orang tua saya selalu mendidik untuk tetep coba,pahami materi kalau tidak ada yang masuk,tak paham bisa cari materinya di ytb dan didengarkan berulang ulang akhirnya lumayan setiap ujian nili selalu 80an itu dari saya gk mau sombong cuma mau cerrita aja emg susah tapi kalau sayang keluarga harus tetep jalan"
184," @GODZILLA KNOCK,GODZILLLA DROPSHOT GODZILLA CEBOL,  ya itu mungkin menurutmu, tetapi menurutku tidak efektif seperti itu, belum lagi jika ada tugas kelompok ( yang mungkin mengharuskan keluar ruangan / rumah ), mana kebanyakan teman - teman saya juga masih berada di daerahnya sendiri - sendiri."
185, @Akbar Rama  iya itu makanya mereka didaerah sendiri sendiri lebih efektif online kalo begini mah tugas kelompok memang terpaksa tetapi setidaknya mengurangi resiko anda terinfeksi siapapun anda laki atau perempuan saya tau kalau bagi yang muda banyak potensi untuk sembuh sementara kalau yang muda sebar ke yang tua bagaimana itulah susahnya skrg
186, @Akbar Rama  udah anak nolep anda tanya iya suka dirumah main game online sampe tolol udah diamin aja
187," @Ardian Rizky  ğŸ‘ wkwk, iya"
188," @GODZILLA KNOCK,GODZILLLA DROPSHOT GODZILLA CEBOL,  ngeri anak2 jaman skrg. Gampang banget bilangin oranglain dongo yang bahkan dia gatau orang itu siapa. Seakan-akan ilmunya paling mantap."
189,Sma
190,nyawa anak lebih berharga bro
191,Pelajaran anak SD sulit memang tapi banyak yg tak berguna !kemunduran
192,"Harusnya di kota2 besar jangan karena
1. Orang lebih banyak maupun di dalam/luar kota alias pendatang
2. Fasilitas / jaringan internet sdh memadai. Pasti ada walaupun lemot horang kalo utk tiktokan,IGan lancar daring ngkan alesan"
193,"Maaf PK Mentri tolong cepat bisa sekolah lagi ank2 ini,mol di buka pasar gapernah tutup kenapa ank2 ga di ijinkan beljar tatap muka,di RuMAh  Ank2 Pada main Ke HP akhirnya matanya pada sakit jadi makin bodoh,Tolong PK di perhatikan keluhan ibu2 ini."
194,pak kalo sekolah SMA BOOARDING SCHOOL BAGAIMANA ITU PAK kan kami tinggal ya di asrama dari berbagai  daerah            salam dari aceh
195,"Ruwet,ruwet,ruwet"
196,"Pak sekolah daring aja selama 2 tahun kedepan:)
Soalnya kalo sekolah kena bully terus:)"
197,"nah sama men..ga cma lu doang..gw jga wkwk..takutnya kebuli
tapi gpp lah semua manusia itu sama"
198,"Jika dampak covid-19 membludak,, siapa yang akan bertanggung jawab..???"
199,Pdhl lebih enak online
200,Alhamdulillah ğŸ™ğŸ™
201,Vaksin dulu baru tatap muka.
202,Alhamdulillah
203,Iya supa tidak bodo .
204,"Sampai kpn nunggu kopit yg ga jelas klo menurutku setuju aja dbuka yg penting tetap kan disiplin & aturan , yg jd masalah Rakyat indonesia susah  d atur .gue sbg ortu juga stres masa wifi skrang naik dr 300rb jd 350rb per bulan. Belajar drumah juga ga gampang."
205,Mending bulan 2 2021 aja dah nnti kenak covid dah sapa tanggung jawab?
206,"Iya dibuka januari 2021 'Asal'
Tar lockdown lagi
Dibukanya jadi ntar Juli 2021 'Asal'
Gitu aja terus pa"
207,Tingal diberi aturan saja tidak harus sekolah dirumah sekolah dirumah bikin aklak dan moral jadi dugu
208,Yang penting ujiannya tatap muka. Sebab ujian online pada nyontek semua.
209,Terlalu besar resikonya kalau tatap muka
210,Berapa ongkirnya ke medan
211,"Saya tidak setuju  sekolah tatap muka di bulan januari 2021, mohon ditinjau ulang agar diundur satu semester lagi mengingat covid 19 masih terus mengalami peningkatan, sampai vaksin sudah berjalan. Jangan sampai sekolah malah jadi klaster baru penularan covid. Kami sebagai ortu sangat berharap kesehatan prioritas."
212,"Yang ga percaya ada nyah covid coba sini daerah Jaksel banyak banget yang kena kasian pada sesek nafas ğŸ˜­
Sekeluarga positiv covid disini kasian jadi jangan meremehkan covidğŸ˜­"
213,Corona meningkat
214,Kenapa nggk nunggu kenaikan aja masuknya pak? Kan nanggung
215,Paling ote ote...
216,Trss kapannn pakkk masuk sekolahnyaa kloo pkee asall ..asall ..??
217,"Saran pak.
Menurut saya akan lebih efektif apabila pembelajaran tatap muka hanya diperlakukan dizona hijau atau kuning karena mengingat kondisi penyebaran yang sudah seperti ini.. dan untuk perguruan tinggi lebih baik sementara daring terlebih dahulu, karena mengingat mahasiswa berasal dari berbagai daerah, berbeda dengan SD, SMP, SMA yang kita ketahui sekolah sekarang menggunakan zonasi.."
218,Untuk pak Nadiem Makarim yang terhormat. Pak apa benar 2021 akan sekolah tatap muka lagi?
219,Wah kalau anak paud gimana? Apa harus tatap muka juga ? Karna anak paud masih rentan bgt nih.. Udh gtu kasian juga kalau pake masker berjam2 di sekolah..
220,Aku sih senang bisa masuk sekolah tapi di lain sisi aku khawatir nanti nenek dirumah  yang kena dampaknya dan berhubungan aku ga ada yang bisa antar jemput otomatis harus naik gojek buat sekolah dan otomatis lebih berbahaya lagi so aku belum setuju kalo sekolah udah masuk Januari nanti soalnya kesehatan nenek dirumah lebih penting
221,Sungguh negeri dagelan..
222,ğŸ˜‚ğŸ˜‚ğŸ˜‚
223,Kena Undang Undang Karantina ga? karena berkerumum uppppp. Alhamdulillah jika diperbolehkan
224,Daring pintar gak stress iya
225,Pling jga seminggu sekali itupun dibatasi.lainya daring halah..
226,Gua Gak diberi izin orang Tua udah tergantung izinannya
227,"Asal asal, eh 2021 ga jadi masuk sekolah ya, biar sekalian anak anak indonesia ga bisa hitung dan membaca hmmmm terlalu lama libur mereka keburu Gede"
228,Mentrinya lepas tanggung jawab nih kalo 1 sekolah corona yg di salahkan yg beri izinğŸ¤£ğŸ¤£
229,Ngeri ni jangan masuk dulu dong
230,"Pembelajaran tatap muka di perbolehkan bukan di wajibkan.
Nyimak"
231,"Yang lalu semua protes Mall buka, restourant buka, pasar, & aktivitas lainnya dibuka kecuali sekolahan. Sekarang ada wacana mau dibuka Sekolah ada juga yg protes ga setuju. Hmm.."
232,Tenane????ngapusi doso lho..ğŸ˜ğŸ˜ğŸ˜
233,Kalo untuk universitas bagaimana ya? karena para mahasiswa tidak hanya dari satu pulau saja tapi dari berbagai pulau di Indonesia
234,Tapii masalahnya nnt kl ada yg habis sklh keluyuran ggimana tuh
235,Capek libur mulu
236,"SEKOLAH KALAU BELUM TATAP MUKA tutup aja dulu jangan melalui HP gak masuk ke otak, percuma SPP tetap bayar, pemerintah sekarang bikin pusing aja,,,"
237,"Bukan karena ke egoisan, tapi memang kuliah online sangat sangat tidak bagus, disamping itu kesehatan mata juga terganggu, tugas banyak natap layar monitor terus, dan manusia itu ga semestinya semua orang sehat, pasti ada yg sakit mau sakit covid, demam. Kalaupun ada yg covid 1 orang mau sampai kapanpun sekolah tatap muka tetep tutup. Kalo terus terusan gini mau bagaimana?"
238,Ngak usah masuk sekolah dulu.. biar aja dilewati satu tahun naik kelas ğŸ˜€
239,"Lebih baik segera dibuka saja pak, sekolah online atau kuliah online tetapi lebih banyak bodohnya, lebih baik sekolah atau kuliah offline biasa namun dengan protokol kesehatan yang ketat. Jujur saja, seperti saya ketika kuliah online seperti ini semua materi kuliah kurang masuk ke otak, belum lagi tugas kelompok, bukannya mempermudah malah tambah susah."
240,Ye masuk sekolah
241,"Menulis seperti suatu yang aneh, ketika anak anak lebih pandai mengetul, efek kelamaan daring"
242,"Bagaimana jika Ortunya mengizinkan tapi anaknya tidak, sedangkan kebanyakan orang tua siswa sudah mulai tidak percaya sama corona, dengan alasan menganggap pemalsuan data, tujuan bisnis, dll. Padahal berita yang didapat bukan dari berita resmi dan opininya masih diragukan. Saya harap sekolah bisa tahu mana siswa yang membutuhkan tatap muka dan mana yang mampu untuk belajar daring."
243,"Selamat Buat Kalian yang di Daerah masih melaksanakan sekolah secara daring,Jangan putus asa dan tetap semangat:("
244,Kopit g bahaya
245,Sekolah sekarang gurunya bidola gara2 covid licik bohong
246,Tolong pak mendikbud di sumatra utara (sumut) kususnya di tapsel masih ada penerimaan spp tolong di usut tuntas.
247,"Pemberian izin ini, sangat positif..asal jangan ada niatan utk mempermudah distribusi vaksin k siswa2 sekolah"
248,"Semua tergantung elite global ,udah waktunya isu corona brakhir staun dah  brlalu bro, gw mo kuliah oplen pusink"
249,"Pak mentri pendidikan
 aku Hanya pengen liat kamu "
250,"intinya jika mau sekolah nih sesuai pertujuan orang tua dah itu aja karana jika kita kenapanapa siapa yang nguruskan siapa yang bayar bisa di sembuhkan? kalau bisa pasti boleh tapi apakah bisa langsung sembuh? saran:tunggu sampai faksin ketemu terus test 2 bulan dan selesai jadi kalau masih ada covid itu ini udah mulai reda nanti kembali lah ngumpul ngobrol bareng ke tempat yang bisa saja ada kuman jika bilangnya suruh jaga jarak jangan sentuh itu banyak yang,nakal,bodo amat, masih banyak lagi emng mau? saya cuman mengasih saran"
251,"Saya setuju sekolah tatap muka, jika kita berlebihan takut ini lah itu lah, di situlah kelemahan kita, penyakit mudah datang,"
252,Klo  anak anak kena yang tangung jawab  siapa ?????
253,Gadapet uang jajan woy
254,Sekolah Pemalang buka pliss
255,Sekolah tatap muka atau kuliah tatap muka sebaik nya setelah vaksin covid sdh selesai di suntik kan ke masyarakat indonesia kalau ingin aman dan tdk meragukan kalau blm sebaik nya tdk usah krn sama saja bermain judi .jika menyebar kembali virus corona nya siapa yg bertanggung jawab dan pasti nya sia sia sdh pemerintah menerapkan PSBB ketat di semua propinsi .
256,Gak apa apa kena korona yg penting bisa belajar tatap muka berani gwe kena korona asal ka n tatap muka
257,"Tanggung jawab ya pak, kalo Anak Anak Terkena Covid :V"
258,"Bapak pengen sekolah tatap mukaaa g enak, g kuat di rmh mulu"
259,Saya mah mending masih daring selama covid masih blm teratasi...lebih penting nyawa anak saya donk...9bln kita udah hidup isolasi mandiri buktinya masih tinggi penularannya apalagi kalau sekolah dibuka...hadeuh
260,"Ya kalo gua biarin sekolah 2021 bodoamat gua gak bakal masuk, serah lu pada terima gak terima"
261,Tanggung banget pertengahan
262,"Asrama haji Sleman hari ini sudah penuh, semoga tidak memperparah keadaan"
263,"Anjirr sekolah ????dikomplek gw aja baru ada 2 orang udah kena covid,yakinn????"
264,Hanya berlaku zona aman kah?
265,Mohon bantu saya bagaimana caranya mengajukan untuk diberi kelongaran untuk mencicil biaya kuliah anak saya di telkom bandung. Karena suami saya di phk perusahan karena perusahaan sudah tidak bisa mengaji mulai bulan april kemarin. Trimakasih
266,2022
267,"Capek ngurus sekolah,mending ngurus akhirat"
268,2022 aja sekolahnya
269,Nanti ada embel2 nya wajib vaksin...???
270,"Bjir mati ntar anak"""
271,"Pembelajaran tatap muka,
Nyaman biar siswa tdk terpengaruh dengan hp trkadang tdk  belajar dengan baik"" 
Hanya main game bagi siswa SD 
Bagi SMP tdk tdk bljar tetapi  buka aplikasi lainnya yang Bisa membawa dampak buruk bagi mreka sendir."
272,Saya pelajar dan saya juga masih belum yakin jika sekolah dibuka karna resikonya sangat besar jika sekolah dibuka sebaiknya sekolah tatap muka  ditiadakan terlebih dahulu dan saya juga sudah nyaman sekolah dirumah.
273,Masih kurang yakin kirim anak saya ke sekolah ditengah wabah yang masih belum terkendali
274,"Covid-19 d petamburan jd tkut,skolah tatap muka .tlng d pikirkan lg krna anak SD blum bs d jamin ktelitiannya dgn protokol.klu blim tuntas covid-19 tunda dulu"
275,"Ngeri ngeri sedap. Kalo sampai sakit, apalagi demam anak anak. Pas di swab ternyata positif. Nah tinggal salah salahan deh tuh. Nular dr mana apakah dr murid apa dr guru dll."
276,"Pak Mentri Pendidikan
Aku Hanya Pengen Liat kamu"
277,"ini pada komen bu susi ga sekolah aja bisa sukses pengusaha dan menteri
kalo ngana ga sekolah pilihannya 2 =
narik di grab atau narik di gojek"
278,"Pak Mentri Pendidikan
Aku Hanya Pengen Liat kamu"
279,Haha gw setuju aja sih sekolah lagi tapi masih aja ada org tua yg parno. Khusnuzon aja.
280,Membingungkan aturan pemerintahnya..jangan di gantung2 dong pak..bilang j covid  dah normal jd bebas
281,Setuju kalau anak saya mah masuk sekolah. Kalau yang lain tergantung orang tuanya
282,"Yakin Pak, kalau siswa mau nurutin protokol kalo di kasih kesempatan gitu? Apa nggak ngelunjak?"
283,Memang maksud tujuannya mau membodohi generasi sekarang. Maklum pesanan bos besar.
284,Urus aja tu aplikasi lo gojek bro
285,Semoga ga si php in lagiğŸ˜
286,Yang kuliah gimana ya pak?
287,"YAH NANGGUNG BGT TUNGGU AMPE LULUS KEK BIAR ENAK,MANA DUIT MULU KELULUSAN NANTI KESIAN ORTU DOANG"
288,ãƒà² _à² ãƒ
289,... Hahay katanya mau..... Tuntas covid... Aduh takut lah bolos ajah
290,Kalau terjadi apa2 terhadap siswa siswi siapa yang bertanggung jawab?????
291,Gw ga pernah ikut Daring njirr
292,"team dirumah aja / team di sekolah nih?

gw sih lebih ke dirumah aja, tanggung 3 bulan lagi lulus wkwk ğŸ¤£"
293,Apakah ada tanggung jawab dari kemendikbud/pemerintah apabila ada anak skolah yang reaktif nantinya ?
294,Setuju
295,Setuju
296,"kalau sekolah dibuka ekonomi akan  maju kalau sekolah tutup usaha sepi bangat, berpengaruh bagi ekonomi."
297,Semoga daring trus aminğŸ‘
298,Covid merajalela....anak anak suruh masuk sekolah....
299,"maaf pak kok baginya bantuan yg punya KIP gak rata,padahal anak zaya punya kip, to gak dpt bantuan"
300,"Pak menteri tolong agar generasi kita selamat  dan tunas bangsa benar benar memiliki iman dan taqwa , ilmu pengetahuan dan teknologi hentikan peredaran sabu sabu di Indonesia  , kasian anak anak bangsa dah banyak korban dari sabu sabu ."
301,Gk mau sekolah!!
302,"Comment section ini teh basically


Anak introvert vs extrovert"
303,"Isriyanti , S. Pd . SMPN 46 Jakarta . Hadir"
304,"U yg masih pengen sklh online,lu blm tau anak smk,peraktek Pusing woii,apa lagi anak boga ,mau magang gimana"
305,Nyesel pernah minta libur setahun
306,Mendikbud melempar otoritasnya ke pihak lain ... lha wong bencana nasional kok pusat ga pakai powernya
307,"SAYA UDAH NYAMAN PAK BELAJAR ONLINE DI ZOOM ITU ENAK BANGET, SIMPLE, MUDAH DIPAHAMI.. ITU YG MEMBUAT SAYA  SEMAKIN PINTAR.. DAN LAGIAN SAYA PAKE WIFI."
308,Masuknya tunggu ajaran baru aja phak
309,Kok bisa2 ya org anggap remeh virus jgn pernah ada tatap muka kalo virusnya masih ada
310,"Maaf, sekedar info sekolah daring anak anak kebanyakan main hp entah game, tiktok ig fb dll. bener2 bikin kecanduan hp daring."
311,"Bapak gw males ama yg namanya corona,dah kgk percaya,ampe adik gw jangan school onlen"
312,pak online lagi
313,"Alhamdulilah seneng denger nya smoga pemda kepsek dan komite mengizinkan sekolah buka kembali, kembali lg rejeki jodoh maut sdh di tentukan Allah SWT"
314,Dirumah kebanyakan rebahan mulu
315,Tenaga pendidik yg di vaksinasi aja...terus klo anak2 kena covid jd korban...sungguh tdk masuk akal....anak2 plng menulari orng tuanya....satu kata no way.....sangat tdk masuk akal
316,Ortu gw mah nyuruh gw masuk :(
317,Di pertimbangkan lagi kalao ada yang kena virus convid yang salah permintah
318,Hahaahaa gua masih belum percaya
319,"Sekolah dibuka pada complain
Mall udh dibuka dari dulu, pada complain gk nih..??"
320,"Semoga saja
Soalnya tatp muka merugikan sekali"
321,"sepaham dg pendapat saleh daulae, bhw mendikbud itu perlu dievaluasi. Tampaknya gagasan yg dibawa tdk terlalu menjanjikan Pencerdasan Bangsa. Masih banyak yang lebih pas utk top manajer kementerian pendidikan."
322,Terlanjur nyaman di rumah wkwk
323,"Mending daring ya allah semoga gak jadi soal mya sudah kebiasaan daring 
ANJIM BANGET"
324,orang tua banyak yang ga setuju
325,Pak Mentri anak2 sekolah sdh satu tahun tdk mengikuti pendidikan dan bimbingan guru secara langsung . Di lihat dari perkembangan prilaku sosial sangat2 kasihan . Bagaimana kalau bisa di ijinkan dg ketentuan protokol keshtn ketat. Dg catatan anak dan guru yg sdg skt apa pun di larang ke sekolah.
326,Mengapa kok nunggu tahun depan kok ngak bulan Desember aja soalnya ortu dan anak anak udah bosen online tapi larinya nge game makanya disegerakan sekolah spt biasanya
327,Kalau Jakarta tahun 2022 pak... baru'bisa.... karena... ada klaster baru....lagi nih....
328,"Klo bisa tatap muka aja pak,udh bosen online kouta muli"
329,Mending dibuka tapi dengan protokol kesehatan yang ketat
330,Lebih kurang 2 bulan yg lalu sang BPK sy pernah ngomong kalau bulan 1 januari nanti kt sudah mulai normal ..sebab pemilihan di sana sudah selesai ..??????????
331,Atas dasar apa ya? Luar biasa cerdas idenya...
332,Ngapain sekolah mending dirumah aja gausah sekolah
333,"Sekolah aku per kelas cuman 19 anak doang, bisa tatap gak ya"
334,"Ya bagus sekolah harus berangkat,soalnya anak2- cuma main dan main,terutama anak sd"
335,"Allhamdullilah ya allah yey aku seneng banget bisa sekolah tatap muka lagi. Tetapi tetap sesuai protokol kesehatan ğŸ˜Š selalu yang penting jaga jarak, pakai masker, bawa hensanittaizer"
336,"Klo mau y jam pelajaran disingkat 30 menit , sekolah ada yang pagi ada yg siang"
337,gamau offline jujurrrr
338,"Menurut satgas covid19 RI, kenaikan virus covid19 perhari diatas seribu jiwa. Menurut WHO, penularan covid19 tanpa gejala terbesar adalah dari kalangan anak muda. Masukan saya, kalo memang sekolah mau dibuka, saya minta orang tua harus tanda tangan bermaterai yang isinya jika sampai terjadi hal-hal yang tidak diinginkan kepada anaknya atau keluarganya yang menyangkut resiko dari virus covid19 seperti batuk, demam sampai pada kematian maka hal itu SUDAH DISADARI OLEH ORANG TUA WALI MURID  SESADAR-SADARNYA dan IKLAS TERHADAP RESIKO YANG TERCANTUM TERSEBUT APABILA TERJADI. Harus ditanda tangani. Karena ini bukan main main ini nyawa."
339,"Jujur gw gemeter ngetik kapan sekolah dibuka, lah ajg gw masih mau libur mending daring:("
340,Yg UB
341,Kapan masuk sekolah
342,"Gw yang Selalu Bolos Tatap Muka 
Be like:ğŸ‘ğŸ‘„ğŸ‘"
343,"Uang mak gw habis bayar buku, baju, uang sekolah dll. Sementara semuanya gak kepake. Gw orng susah bukan kayak kalian orang kaya, libur enak bisa bebas maen game apa lah, lah gw? Beli kuota nunggu satu bulan buat ngumpulin duitnya. Sekali kali liat sudut pandang orng laen. "
344,Kami disimo teteap sekolah ngak perlu mau corona mau peyakit apa kel namanya..yg jelas itu peyakit ngak jelas
345,"Covid belum menurun, lebih baik online dulu, kasihan murid kalau sampai terpapar covid."
346,Apaan sih ini..takut sama corona wkwkwkw
347,"TERGANTUNG ORANG TUA KAN,OKEYYY AKU MILIH DARINGğŸ¤£ğŸ¥°"
348,Lo jd mentri mencla mencle
349,Kenapa kantin sekolah tak boleh buka.perlu di ketahui ptugas kebersihan atau pa kebun sebagian besar gonorer yg menggantungkan hidupnya dari kantin.bolehkah kantin di buka asal kantin mrnggunakan protokol ksehatan .demi klangsungan hidup ptugas kebersihan skolah yg slama 8 bulan hidup serba kurang dengan adanya pandemi korona selebinya saya mewakili ptugas kebersihan sekolah mohon ma.aaf bila ada kata2 yg berlebih
350,"PERCUMAH MAU TAHUN DEPAN MAU BESOK PAGI, YANG PEGANG KENDALI ADALAH WHO. PUNYA MISI, MENGKOVIDKAN ---> MENAKUT NAKUTI ----> VAKSINASI ----> Certificate of Vaccination Identification (umat manusia akan dipasang chip) ----> TOTAL KONTROL----> PERBUDAKAN. Mari kita buktikan"
351,"Materi susah, guru gak pernah mau njelasin, belajar sendiri gak paham paham, kalau ada materi yg buat barang pasti aneh aneh dan butuh biaya lebih, sudah pandemi gini masih saja mempersulit siswa. Pemerintah penanganan covid aja lambat, ini pendidikan juga lambat, semua lambat, terserahmu ae lah, sak karepmu, aku tak turu ae"
352,Hmm Takutt nya Cluster Baru ni
353,"Gini nih klo yg koment bocil2. Pada nolak la.  Jelas2 itu bkan d wajibkn tp di perbolehkn.  Klo mau daring ya silahkan gda paksaan. Blum apa2 udh coment aja, dasar."
354,"Sekolah di liburin  .pasar pasar swalayan .Mol mol gede di biarin Buka .Heran .harus nya .sekolah Di liburin ,Mol mol juga di liburulin..,"
355,Sy setuju setuju aja tapi untuk zona merah sy gak setuju karna di zona merah covid 19 itu udh di mana mana
356,Bagus lah masuk sekolah
357,"Pak Jangan Tatap Muka Lahà²¥_à²¥ Nanti Saya Bertemu Dengan Guru Galakà²¥â€¿à²¥ğŸ’” ""Bercanda Pak"" :V"
358,"KOK AMBIL RESIKO!!
Vaksin aja belum keluar dan terbukti!
Emang bisa kontrol 100% ratusan siswa baik didalam dan diluar kelas??
Tidak semua orang tua pun dirumahnya bisa mendisiplinkan anaknya agar ikuti protokol covid dan social distancing. Namanya anak2 pasti bermain, berkelompok, dll. Besar resikonya ada orang tua yg keluarganya kena covid tapi diam saja dan akhirnya anak mereka bisa menularkan anak-anak2 lain disekolahnya yang pada akhirnya domino effect!"
359,"Kembalikan sekolah gw dong kembaliin. Jangan memperbodoh rakyat indonesia woi. Mau jadi apa gw dirumah aja. Sekolah dirumah ga paham anjirrt. Gw jurusan tkj, butuh praktek bukan materi. Klen kesehatan kesehatan kesehatan. Bisa mikir gak, tempat liburan dibuka, bioskop dibuka, mall dibuka. Ramean mana tuh dari sekolah. Mikir woi mikir. Nunggu sampe kapn?. Sampe indo dijajah lagi?. GW pengen belajar normal, bukan hnya krna mau sama tman, ato uang jajan. Gw pengen praktek anjeng"
360,Masukan murid cuk..malah bodoh Indonesia ini..noh bocah2 pada main layang2 gk malah pinter malah pinter mainin orang
361,Belajar offline online sama aja kok menurut saya asal memang benar2 serius untuk belajar walaupun tatap muka tapi emang udah males nuntut ilmu ya percuma aja ga bakal masuk di otak malahan kalo online lebih enak lebih bisa melihat banyak video dari berbagai macam pengajar dan kita bisa milih lebih enak penjelasan dari siapa tapi yang jadi permasalahannya banyak yang belum mampu untuk membeli paketan
362,"Pak anis, udh ye ijinin jakarta di buka, awas aja kaga di ijinin gua udh stress anjim, sekolah berasa pemyiksaan, oke gak pak"
363,"Pak Nadiem jangan dana bos aja dirombak.itu Kouta anak sekolah dilupakan saja knpa sudah berhenti ngasih Kouta belajar nya????? Dan koutanya jg ng merata,beda sekolah beda contohnya sekolah di Manggarai dapat 35GB sdgkn Kouta kami di SDN 02 pondok bambu cuma dapat 9GB dan cuma 2 kali dikirim ke kami,tapi ada yang sudah dapat 3kali...jadi bagaimana ini anda pak kurang maintenance nya"
364,Masih corona
365,iih aku gak sabar lagi pengen melihat kelas baru ku dan teman2 ku iih alhamdulilah ya allah
366,Nya
367,Nah gitu pak menteri.. Akhirnya ada kejelasan sekolah bs dimulai kembali
368,"Berlaku untuk perguruan tinggi juga kan Pak? Pasti lah ya, dan harus. Tolong Pak, semenjak pandemi ini kami jadi tidak seproduktif dahulu. Teman2 ketika UTS, UAS, bahkan tugas pun malah pada nyontek. Menurut aku sayang sekali sih, dapat nilai dari hasil pekerjaan orang lain. Niat sekolah untuk menuntut ilmu agar ilmu yang didapat tersebut dapat digunakan sebagai bahan untuk memberi kebermanfaatan bagi banyak orang, bukan hanya sekedar nilai yang bagus, apalagi kalau nilai bagus tapi hasil nyontek. Guru maupun dosen ada bukan hanya untuk mensharekan materi dalam bentuk ppt, tapi juga mendidik siswa maupun mahasiswa untuk menjadikan dan membangun karakter, potensi, gratitude, pola pikir yang lebih baik. Ya Allah Pak tolong. Pengen kuliah lagi, mana mah sarjana harus dimantepin, karena nantinya kan terjun langsung ke dunia kerja seperti, sosial, ekonomi, government, tergantung bidangnya."
369,Bgn ini yg gak jelas ....klo TDK Yaa TDK....dibalikkan lg ke ortu haaaa...gak jelas...
370,"Coba pak Mentri terangkan apa alasan nya sekolah tidak tatap muka. Penyebarankah. Toh selain sekolah aktivitAas ga fakum. Dalam suatu rumah ada Kakak ibu bapak saudara. Kerabat.....
Dan kenapa keputusan dilempar ke daerah. Kalo yg memimpin takut kena sangsi pak Mentri ya sampai kapan pun ga pernah dibuka. Jadi masalahnya apa dan tujuan apa. .... Supaya bodoh mungkin masuk akal"
371,Pa knp belajar tatap muka batal lg sampe kpn pa anak semakin bodoh dgn hp
372,"Karena kemendikbud,sebagian siswa jdi anak nolep ğŸ—¿"
373,Pdahal anak sklh kuat kuat imunnya
374,Hoax doang tapi gak di jalanin
375,Semoga covid segera berlalu dan semua bisa sekolah lagi...biar gk ada lagi bocil2 yg nongkrong2 sambil nyolong wifi buat main mobile legend
376,TUNGGU COVID TUNTAS PAK.....BAHAYA PAK....TARUHANNYA NYAWA...
377,Waduh tatap muka virus masih meraja lela.
378,"ya pak mending sekolah di buka aja tapi pulang nya lebih awal jam 10 apa jam 9 jangn terlalu lama , dan saya tidak mau di beri vaskin takut vaskin itu ada corona nya"
379,"Merdeka belajar,bayaran merdeka jg dong pak nadiem..cek skolah negri sungguh terlalu.bikin kebijakannya jangan setengah2,jd bikin org tua murid bingung pak nadiem."
380,Kondangan sama jemput aje boleh sama Abas gimana nih ?
381,"AYOOO KOMPAS TV, BAPAK IBU HUWA JANGANNNNN OFFLINE, ONLINE AJA DULU. 

di sekolah saya semuanya hampir mau offline, meski ada beberapa yang mau online. tapi kalo yang mau offline kalah suara sama yang online. Pasti bakalan masuk masuk juga. :( ga mau masuk dulu, udah nyaman banget online, seumur idup baru ngerasain begini, bisa punya waktu sama keluarga banyak:( kalo offline di pandemi gini, udah mana ekonomi lagi nurun, sekolah offline bakalan ada aja kebutuhan yang pake duitttttttt."
382,"Alhamdulillah adek gue udah mulai males malesan, akhirnya masuk lagi, tolong pemda sudah masuk saja anak anak sekolah, sudah ruwet liat adek atau anak anak di rumah terus,"
383,"Kapan sih diwajibkan belajar tatap muka lagi , gak betah sumpah daring , gak efektif ."
384,Masih pengen rebahan :(
385,Kalau php tungguin aja nih
386,Kalo anak2 sekolah saat pulang berkerumun nanti yg dipecat kepala sekollahnya apa mendikbudnya ?
387,"Gada sekolah sekolahan
Rebahan is my life
2022 aja lah masuknya soalnya gua lulus 2022"
388,"Pak nadiem saya kecewa.  Knpa kuota belajar tidak dikasih lagi...pdhl teman2 yang lain sudah sampai kloter ke3 ditransfer koutanya tapi anak saya cuma sampe kloter ke2
Kan skrg masih psbb dari dki jadi anda harus tetap kirimkan kouta ke kami orangtua jgn kmren2 saja anda cari panggung !!!"
389,"SESUAI PREDIKSI PILPRES USA KELAR,COVID KELAR JUGA..."
390,Orang ini aja belum pada bener nerapin protokol kesehatan.malah mau tatap muka lagi.pertimbangkan lagi pak.kesehatan itu mahal
391,"a regulation required who supervised any deeds relate to data communication ( dont let the wrong hand on the wrong capacity/ unskill n unprofessional to respond responsbility;_certain ways to improve capability is by selecting the human potencies) . not  right only in a circle of family. KPI is a measurement, wisely coordination amongst regional representative n center, a list of family members  coordinated by education institutions.  Government should notice into details in the matters by the networking of young people ( from formal institutions) to do communication. Akhlak n knowledge much more important."
392,Masih kondisi covid tinggi begini kok diperbolehkan di buka pak nadhim ?
393,Males jim
394,Sak karepmu.wes..
395,"Kurang setuju Menantang alam jelas kasus covid makin hari makin naik ,ini disebabkan juga onta onta lepas dari kandang akhirnya corona naik lagi"
396,"Saya orang bodoh. Saya hanya ingin berpendapat sedikit. Kalo memang sudah aman, sekolah dibuka tanpa ada protokol & izin. . Murid murid ini dijadikan kelinci percobaan ya ?"
397,Gk stuju gw tanggung dikit lgi lulus
398,"Ya,, saya sih setuju ndak setuju. Karena dari masing2 keputusan pasti dampak negatifnya,, tapi menurut pendapat pribadi saya, untuk membuka sekolah tatap muka pada tahun ajaran baru,, karena masih belum jelas tentang vaksin yang masih di uji coba, dan masih ada banyak para siswa/siswi yang lalay. Mungkin kalau ada yang bertentangan dengan pendapat saya atau pun setuju, silahkan koment."
399,gk usah sekolah wes pak biar pada bloon..main hp terus
400,"Semoga aja sih dibuka lagi, itu mall bisa buka kenapa tempat buat belajar engga? Iya tau, pasti banyak pertimbangan juga ttg keamanan anak disekolah semasa pandemi. Coba aja terapin, buka sekolah tapi digilir pake nomor absen ganti2an. "
401,"Saya belum siap pak , baju saya GK muat"
402,"ğŸ˜‚ğŸ˜‚ğŸ˜‚ knapa baru 2021 sedangkan korban trus bertambah. Trus alasan dulu dilockdown Krn apa??? Kam Krn banyak korban.ğŸ¤¦ğŸ¤¦ğŸ¤¦ 

Apakah Krn proyek globalnya penguasa dunia sudh merestui untuk beraktifitas???"
403,"Mending Daring lhhh, gw dh Mau ujian, Mls duit mulu, nanggung tinggal 1 semester lagi..."
404,Ga nunggu vaksi dulu pak yg katanya sebentar lagi udah siap?
405,Buka aja pak saya udah pusing belajar di rumah
406,"Menurut saya harus di pertimbangkan lagi ,takutnya nnti sekolah jadi klaster baru penularan covid"
407,GW PENGEN SEKOLAH SUMPAH VALID TITIK NO DEBAT NO KECODDDDD....SEKOLAH DI SMP BELUM PUASS WOIIIğŸ˜­ğŸ˜­ğŸ˜­ğŸ”«
408,"Mantap,pusing belajar online kgk ada yg masuk di otak"
409,Pendapat saya kurang setuju pak ğŸ™
410,Kapan sekolah uuuuuuu
411,"Sebenarnya memang lebih baik tatap muka jika konteks nya sekolah dan pembelajaran, saya sangat setuju jika konteks nya itu, Tetapi masalahnya sekarang itu Covid nya, walaupun sudah ada protokol dan segala macam kan kita tidak tau kenyataaan nya di sekolah. Anak sd smp sma kalo udah ketemu temen udah ga peduli nyentuh nyentuh. Ini yang di takutkan. Bukannya menentang, tetapi tolong lah pertimbangkan realita yg akan terjadi.ğŸ™ğŸ™"
412,Saya masih khawatir p Nadiem.
413,"Mending Online pak, Dari pada Tatap muka."
414,alhamdulillah... generasi penerus bangsa.. harus lanjut sekolah...
415,"Saat ini kalau sekolah dibuka, akan menjadi tragedi nanti nya..sama aja kayak Jakarta dulu mau coba ganjil genap (mikir aja mau mpet mpetan dalam kendaraan umum, lalu kasus ga nambah??).
1. Anak anak ini tidak mengerti bahaya covid (nama nya juga anak anak)."
416,"Pesan untuk Lord baginda nadiem : 
Kamu liat pak anak anak jaman sekarang main tik tok-kan , youtube, game online , ini semua akibat sekolah online pak  ????? mereka jadi malas malas-san  ............. kasian pak mereka adalah generasi penerus kita"
417,"TOLAKKK!!!
SAYA CINTA DARING!!!"
418,"Agak ga setuju sih karna kondisi masih begini, bahkan didaerah yang udah membaik pun, masih ada resiko tertularnya. Kasihan dong, anakÂ² sampai dg remaja samaÂ² bisa terancam. Orang tua pasti juga ngga stuju:("
419,0
420,Kalau COVID ADA...KEMAREN YG DEMO OMNIS DAH PADA MODAAAR YACH...
421,Pas masuk oflen anak2 minta onlen lg
422,Alhamdulillaaaaaaaaahhhhhh. Terimakasih banyak.. Sekolah tatap muka lagi. Tapi tetap pake masker dan protokol covid. Bimbel anak juga udh tatap muka alhamdulillah lancar.
423,Vovid19 pembohong bikin pembohong dan pembodohan massal
424,Semoga sekolah cpt di buka amin
425,Akhirnya sekolah juga
426,"Di rumah mulu juga capek pak, pengen sekolah lagi"
427,"Seharusnya pendidikan di Indonesia harus maju seperti Pendidikan di Finlandia , Sejak Bu Li Anderson sebagai Menteri Pendidikan Finlandia lebih tegas dan berani. Pendidikan terjamin di Finlandia"
428,Hidup sekolah tatap mukağŸ’ªğŸ‡²ğŸ‡¨
429,"Pak pulang sekolah jangan lah jam 3 pak, deman2 aku gara2 pulang terlalu lama pak, pusing otak aku jadi nya pak"
430,"Cari info tanggal sklh:
Masuk sekolah untuk belajarâŒ
Masuk sekolah untuk cari uang jajanâœ…"
431,"Yaa,,
Ini hanya "" diperbolehkan "" bukan "" diwajibkan "",, jadi kputusan mutlak ada pda ortu murid,, jika ortu murid tdk menyetujui itu sah - sah saja,, karena ini menyangkut pda kesehatan murid"" tersebut & anak daripada orang tua murid tersebut."
432,Jangan tatap muka pak. Udah terlanjur suka dirumah pkl gak jadi semua diundur dah gak usah buka sekolah ğŸ™
433,"ga satu komando, intruksi lu ga berguna"
434,Lanjutkan belajar dr rumahlah.
435,Pilpres AS sdh selesai. Ayo sekolah lagi. Ayo kerja lagi. Ayo solat berjamaah lurus rapat lahi.
436,"Anak anak terlalu lama di rumah, yang akhirnya bereinkarnasi menjadi iblis iblis perusak pagar, mobil yang diparkir, corat-coret tembok... Pokoknya sudah tidak ada sisi positifnya lagi... Buat kegaduhan setiap hari sejak pagi buta sampai hampir malam masih main saja kerjanya...
Pemerintah tolong lah dgn kondisi yang sudah sangat akut seperti ini...."
437,Jgn dl pak menteri. Klo tatap muka msh bahaya pak mendikbud. Kasian anak2.
438,"parents unrepresentative, replaced by others chosen based on students opinion with committe. if not its human right"
439,Tanggung 1 Semester lagi lah
440,"Daring Malah Keluyuran
Mending Sekolah Lagi Lah"
441,"saya urang setuju pak,karena siapa saja bisa saja membawa virus dan kami juga belum mendapat vaksin ğŸ™ğŸ™ğŸ™"
442,Setuju gua dari pada dirumah pinter kaga gblok iya mending masuk ka percuma dong gua bayar SPP tapi gak pernah masuk
443,"Bosen di rumah terus kata anak sy pak, cuma pegang hp tiap hari main tik tokan,"
444,STOP pembodohan masyarakat... apa itu CORONA ??? Corona HOAX
445,JANGANNN SEKOLAHH JANGANN SEKOLAHH JANGAN SEKOLAH JANGAN SEKOLAH JANGAN SEKOLAH SAMPAI 2022
446,"Iya pak.kasian anak sekolah,"
447,"Mudah mudahan, semua wali murid/ orang tua siswa tidak mengijinkan anaknya belajar tatap muka... Sbb ini yg saya takutkan, yaitu takut sekolah kbm tatap muka lagi. Sedih dan sangat sedih lagi enak2nya rebahan."
448,"Perkuliahan universitas bagaimana? Kok ga di bahas nasibnya,? Emang sekolah dengan perkuliahan beda ya? Di segi dunia pendidikan, kalau beda mending ga Usa kuliah"" 134N9547"
449,Mending seminggu 1 kali pulang pagi. Kalo itu aku setuju. Yg setuju like please
450,"Sekolah online bikin anak malas belajar ,,"
451,Org tuamu kemana?
452,yes
453,"Semoga sekolah di buka, aku setujuh."
454,"Dak jelas, diperbolehkan tidak diwajibkan. Tegas-2 buat aturan itu."
455,"Mending jangan dulu pak liat dulu negara2 maju di eropa, kalo mereka sudah buka sekolah, baru kita buka juga."
456,sekolah temptku mengajar dah tatap muka 2 bulan Alhamdullilah aman
457,NADIEM OUT!!!!!!!
458,"Setelah pilpres as selesai.
Menang atau tidak menang Trump, ditemukan atau tidak ditemukan vaksin . Corona bakal tenggelam. "
459,"Bagi yang merasa tidaj mau dan TAKUT untuk melaksanakan sekolah ,tolong jangan buat sebagian yg ingin belajar untuk menggapai cita-citanya 
Orang gila aja gak mandi2,makan di tong sampah ttp sehat tuhğŸ˜†"
460,"Ohh jangan berpikiran kayak gitu bro,menggapai cita cita dan belajar gk selalu harus di sekolah bro,mereka mereka yang putus sekolah bisa loh jadi orang terkenal,semisal kayak bu susi mantan mentri kelautan dia itu DO waktu SMA karena dia sudah tau betul dan memahami materi pelajaran dikarenakan membaca buku buku bacaan entah itu dirumahnya atau disekolah"
461,lah malih pegimane sih kl bu susi ga sekolah bisa sukses kl ngana ga sekolah pilihannya cuma 2 narik di gojek atau narik d grab
462," @~Â°stawberry PinkyÂ° ~  kalo semisal tingkat intelektualnya tinggi,sering literasi dan membaca buku semisal di perikanan ya kan bisa sukses,yang pertama ya kerja ditingkatan terbawah dulu dalam perikanan yaitu nelayan, habis itu tingkatan jabatannya tinggi semisal jadi mandor terus terus sukses sampe jadi pengusaha ikan sukses.Lah kalo bilangnya anda itu gk sekolah ada dua pilihan dimana itu sama aja yaitu ojek,terus gimana pemikiran sependek itu?"
463,"Prestasi itu gk selalu harus sekolah,tapi prestasi itu bisa dicapai jika rajin belajar dan membaca buku"
464,Anda sekolah?
465," @Fiona  nanti di counter nih,iya memang sekolah kenapa?"
466," @Fiona  Menurut anda saya harus putus sekolah dulu baru bisa mencapai cita cita saya?
Kalo saya semisal udah punya modal,ilmu,dan pengalaman saya kemungkinan keluar/tidak keluar dari sekolah.Kenapa saya punya 2 pilihan bisa putus ato lanjut?"
467,Elo banget...
468, @Muhammad Abduh  karena kamu wwibu hehehe jd gak mau sekolah :v
469,Lah yang sekolahkan ga gila
470,"Lucu.. Kenapa harus ada persetujuan dari Pemda, Kepala Sekolah dan Orangtua?? Ada2 saja.ğŸ˜†

Mendikbud yg melarang anak2 belajar di sekolah. Mendikbud pula lah yg seharusnya mengizinkan anak2 kembali ke sekolah. Pemda, Kepala Sekolah dan Orangtua hanya mengikuti peraturan yg ditetapkan oleh Mendikbud. Bukan sebaliknya."
471,"Pak Mentri Pendidikan
Aku Hanya Pengen Liat kamu"
472,Nyawa jgn dijadikan kelinci percobaan
473,"AKU TIDAK SIAP SEKOLAH,AKU NYAMAN DIRUMAHğŸ˜Š"
474,Berarti anda terinfeksi penyakit malas ğŸ¤­
475," @FAKHRUL Introvert  ya emang om,ampun om jago"
476,"Yaudah gausah sekolah aja, dirumah aj sana."
477,Hidup sekolah tatap mukağŸ’ª ke siksa bro belajar dirumah tuh ditambah masaÂ² SMA ku hanya dirumah ajh
478, @Arman Adwiguna  ya semua itu ada pro kontra jadi semua bisa berpendapat
479," @Arman Adwiguna  kalo dirumah aja ngopi dong,aku aja setiap hari keluar sama temen sekolahku"
480, @LighttCottage_  SIAP PAK GURU SAYA AKAN DIRUMAH
481,Nyaman di rumahhh
482, @Nb Bn  Nyaman karna liat buku sama google pas ujian:v
483,Semakin Banyak orang kek gini indo gk maju maju
484,"Saya gak setuju Karena Kasihan Orang tuanya harus mengeluarkan uang setiap hari dari jajan sampai berangkat/pulang dan juga biasanya anak SMP,SMA Tidak langsung pulang melainkan biasanya mampir dulu ke warung sambil ngobrol Ama temen temennya jadi tidak tahu anak itu terkena virus atau tidak makanya bahaya juga buat keluarga dirumahğŸ™ğŸ™ğŸ™ğŸ™ğŸ™ğŸ™"
485,Jangan sekolah dulu dah buku tugas gw masi campur campur pak masa saya harus nyalinya pindahan ke buku pegal jangan sekolah dulu lah pakkk
486,Gk ah gk mau sekolah lagi bikin item muka sma kulit
487,"Kalau boleh usul dalam KBM tatao muka yang rencana diadakan di bulan Januari 2021,,dibuat systim Kegiatan Belajar Mengajar dng tahapan waktu tdk penuh.Misalnya Untuk SD .hanya 4 jam pelajaran setelah istirahat pertama pulang,Sedang SMP dan SMA juga yang sederajat,hanya sampai jam ke 6,Jadi setelah istirahat kedua siswa dipulangkan,Sedang PAUD dan sejenisnya mungkin hanya sampai Jam 9 saja,Sambil semua yang berkompeten mengevaluasi,Sistim pembelajaran yang berwaktu maksimal 6 jam peljaran ini,Tmk, maaf hanya masukkan saja ,Dan saya Pensiunan Guru SMA Neg di Jawa Timur,ğŸ‘"
488,"nah baguslah udah mulai sekolah  , para bocil sekarang makin bodoh aja pak dirumah terus, masak dirumah main hape tapi web nya pada ke bokep, sangat meresahkan sekali"
489,Ya itu ANAKNYA YANG TOLOL MENDING MEREKA SEPERTI ITU DARIAPADA SKLH NONGKRONG POSITIF EH MATI .......hahaha
490,Gak setuju
491,"sebelum ada vaksinisasi sebaiknya proses belajar mengajar tatap muka ditunda , jangan ngawur ."
492,"Sekolah dibuka lagi kabar buruk bagi para guru. Berarti mereka harus mengajar lagi. Selama ""pandemi"" mereka hanya ongkang ongkang kaki tidak perlu mengajar. ""guru"" hanya memberi tugas saja sebanyak banyaknya tanpa perlu mengajar."
493,"waduh bu, jgn sama ratakan semua guru ongkang ongkang kaki, kita buat media pembelajaran tiap hari loch
kita belajar lewat zoom ngajarin yg notabene itu lebih sulit
wah jangan giring opini guru makan gaji buta dong bu"
494, @Affan Septiadi  ini pengalaman saya pribadi sebagai orang tua murid dan banyak orang tua lain yg saya tanya langsung di berbagai sekolah. Mungkin ada guru yg mengajar di WA atau di google classroom atau via zoom. Itu sangat disyukuri dan diapresiasi.
495," @Guezie d'IndonÃ©sie  loch statement anda kali yang mengeneralisasikan guru itu semua sama cara pengajaran nya, kan tadi saya udah jelaskan, kalau merasa anda ga puas dengan kinerja pengajar dsekolah anak anda, yah ada media untuk komplen dong ke pimpinan langsung kalau sekolah negeri yah anda bisa cari solusi lain"
496,Mendingan berhenti aja sekolah...
497,"pls concern to humanity, morality, not only the things."
498,Yeah
499,P
500,Masuk sekolah ğŸ«
501,"aduuh, mending jangan deh pak. masih ngeri pak"
502,Yahh waktu main game online jadi berkurangğŸ˜­ğŸ˜­
503,"MENTERI PALING TIDAK BERKOMPETEN DI REPUBLIK INDONESIA, BERBICARA TERLALU LUAR BIASA TETAPI PRAKTEK KACAU BALAU. INI SEPERTI YANG ALMARHUM GUSDUR SAMPAIKAN INDONESIA ITU UNIK YANG DIBICARAKAN LAIN DAN YANG DIKERJAKAN LAIN"
504,Aku pengine koe mundur. Titik ra nganggo koma oponeh nyang2an.
505,Saya pribadi mendukung..karena efek HP sangat tidak baik bagi anak..lebih bahaya dari corona
506,Definitely disagree
507,Dah lah nggak bisa main ff lagi
508,"Sekolah dibuka 

Setuju like gak setuju dislike"
